<?xml version='1.0' encoding='UTF-8'?>

<!-- =========== FULL CONFIGURATION FILE ================================== -->

<faces-config version="1.2" 
    xmlns="http://java.sun.com/xml/ns/javaee" 
    xmlns:xsi="http://www.w3.org/2001/XMLSchema-instance" 
    xsi:schemaLocation="http://java.sun.com/xml/ns/javaee http://java.sun.com/xml/ns/javaee/web-facesconfig_1_2.xsd">
    <managed-bean>
        <managed-bean-name>SessionBean1</managed-bean-name>
        <managed-bean-class>btlibraryweb1.SessionBean1</managed-bean-class>
        <managed-bean-scope>session</managed-bean-scope>
    </managed-bean>
    <managed-bean>
        <managed-bean-name>Page1</managed-bean-name>
        <managed-bean-class>btlibraryweb1.Page1</managed-bean-class>
        <managed-bean-scope>request</managed-bean-scope>
    </managed-bean>
    <managed-bean>
        <managed-bean-name>ApplicationBean1</managed-bean-name>
        <managed-bean-class>btlibraryweb1.ApplicationBean1</managed-bean-class>
        <managed-bean-scope>application</managed-bean-scope>
    </managed-bean>
    <managed-bean>
        <managed-bean-name>RequestBean1</managed-bean-name>
        <managed-bean-class>btlibraryweb1.RequestBean1</managed-bean-class>
        <managed-bean-scope>request</managed-bean-scope>
    </managed-bean>
    <managed-bean>
        <managed-bean-name>Logo</managed-bean-name>
        <managed-bean-class>btlibraryweb1.Logo</managed-bean-class>
        <managed-bean-scope>request</managed-bean-scope>
    </managed-bean>
    <managed-bean>
        <managed-bean-name>Menu</managed-bean-name>
        <managed-bean-class>btlibraryweb1.Menu</managed-bean-class>
        <managed-bean-scope>request</managed-bean-scope>
    </managed-bean>
    <managed-bean>
        <managed-bean-name>Titles</managed-bean-name>
        <managed-bean-class>btlibraryweb1.Titles</managed-bean-class>
        <managed-bean-scope>request</managed-bean-scope>
    </managed-bean>
    <managed-bean>
        <managed-bean-name>Books</managed-bean-name>
        <managed-bean-class>btlibraryweb1.Books</managed-bean-class>
        <managed-bean-scope>request</managed-bean-scope>
    </managed-bean>
    <managed-bean>
        <managed-bean-name>Accessible</managed-bean-name>
        <managed-bean-class>btlibraryweb1.Accessible</managed-bean-class>
        <managed-bean-scope>request</managed-bean-scope>
    </managed-bean>
    <managed-bean>
        <managed-bean-name>FormTitle</managed-bean-name>
        <managed-bean-class>btlibraryweb1.FormTitle</managed-bean-class>
        <managed-bean-scope>request</managed-bean-scope>
    </managed-bean>
    <managed-bean>
        <managed-bean-name>TitlesApplication</managed-bean-name>
        <managed-bean-class>btlibraryweb1.TitlesApplication</managed-bean-class>
        <managed-bean-scope>request</managed-bean-scope>
    </managed-bean>
    <managed-bean>
        <managed-bean-name>BooksApplication</managed-bean-name>
        <managed-bean-class>btlibraryweb1.BooksApplication</managed-bean-class>
        <managed-bean-scope>request</managed-bean-scope>
    </managed-bean>
    <managed-bean>
        <managed-bean-name>FormBook</managed-bean-name>
        <managed-bean-class>btlibraryweb1.FormBook</managed-bean-class>
        <managed-bean-scope>request</managed-bean-scope>
    </managed-bean>
    <managed-bean>
        <managed-bean-name>FormPeriod</managed-bean-name>
        <managed-bean-class>btlibraryweb1.FormPeriod</managed-bean-class>
        <managed-bean-scope>request</managed-bean-scope>
    </managed-bean>
    <managed-bean>
        <managed-bean-name>DataBaseTitles</managed-bean-name>
        <managed-bean-class>btlibraryweb1.DataBaseTitles</managed-bean-class>
        <managed-bean-scope>request</managed-bean-scope>
    </managed-bean>
    <managed-bean>
        <managed-bean-name>DataBaseTitle</managed-bean-name>
        <managed-bean-class>btlibraryweb1.DataBaseTitle</managed-bean-class>
        <managed-bean-scope>request</managed-bean-scope>
    </managed-bean>
    <managed-bean>
        <managed-bean-name>DataBaseBooks</managed-bean-name>
        <managed-bean-class>btlibraryweb1.DataBaseBooks</managed-bean-class>
        <managed-bean-scope>request</managed-bean-scope>
    </managed-bean>
    <managed-bean>
        <managed-bean-name>Fragment1</managed-bean-name>
        <managed-bean-class>btlibraryweb1.Fragment1</managed-bean-class>
        <managed-bean-scope>request</managed-bean-scope>
    </managed-bean>
    <managed-bean>
        <managed-bean-name>BooksApplicationfragment</managed-bean-name>
        <managed-bean-class>btlibraryweb1.BooksApplicationfragment</managed-bean-class>
        <managed-bean-scope>request</managed-bean-scope>
    </managed-bean>
</faces-config>





